jwl0001,SENIN,3,VIIA,bio0005
jwl0002,SENIN,4,VIIA,bio0005
jwl0003,SENIN,5,VIIA,bio0031
jwl0004,SENIN,6,VIIA,bio0031
jwl0005,SENIN,7,VIIA,bio0035
jwl0006,SENIN,8,VIIA,bio0035
jwl0007,SELASA,1,VIIA,bio0010
jwl0008,SELASA,2,VIIA,bio0010
jwl0009,SELASA,3,VIIA,bio0010
jwl0010,SELASA,4,VIIA,bio0048
jwl0011,SELASA,5,VIIA,bio0048
jwl0012,SELASA,6,VIIA,bio0048
jwl0013,SELASA,7,VIIA,bio0006
jwl0014,SELASA,8,VIIA,bio0006
jwl0015,RABU,1,VIIA,bio0037
jwl0016,RABU,2,VIIA,bio0037
jwl0017,RABU,3,VIIA,bio0037
jwl0018,RABU,4,VIIA,bio0008
jwl0019,RABU,5,VIIA,bio0017
jwl0020,RABU,6,VIIA,bio0017
jwl0021,RABU,7,VIIA,bio0005
jwl0022,RABU,8,VIIA,bio0005
jwl0023,KAMIS,1,VIIA,bio0005
jwl0024,KAMIS,2,VIIA,bio0005
jwl0025,KAMIS,3,VIIA,bio0023
jwl0026,KAMIS,4,VIIA,bio0023
jwl0027,KAMIS,5,VIIA,bio0023
jwl0028,KAMIS,6,VIIA,bio0011
jwl0029,KAMIS,7,VIIA,bio0011
jwl0030,KAMIS,8,VIIA,bio0011
jwl0031,JUM'AT,1,VIIA,-
jwl0032,JUM'AT,2,VIIA,bio0017
jwl0033,JUM'AT,3,VIIA,bio0017
jwl0034,JUM'AT,4,VIIA,bio0006
jwl0035,JUM'AT,5,VIIA,bio0006
jwl0036,SABTU,1,VIIA,bio0010
jwl0037,SABTU,2,VIIA,bio0010
jwl0038,SABTU,3,VIIA,bio0038
jwl0039,SABTU,4,VIIA,bio0038
jwl0040,SABTU,5,VIIA,bio0038
jwl0041,SABTU,6,VIIA,bio0011
jwl0042,SABTU,7,VIIA,bio0011
jwl0043,SENIN,3,VIIB,bio0031
jwl0044,SENIN,4,VIIB,bio0031
jwl0045,SENIN,5,VIIB,bio0006
jwl0046,SENIN,6,VIIB,bio0006
jwl0047,SENIN,7,VIIB,bio0005
jwl0048,SENIN,8,VIIB,bio0005
jwl0049,SELASA,1,VIIB,bio0011
jwl0050,SELASA,2,VIIB,bio0011
jwl0051,SELASA,3,VIIB,bio0032
jwl0052,SELASA,4,VIIB,bio0032
jwl0053,SELASA,5,VIIB,bio0032
jwl0054,SELASA,6,VIIB,bio0023
jwl0055,SELASA,7,VIIB,bio0023
jwl0056,SELASA,8,VIIB,bio0023
jwl0057,RABU,1,VIIB,bio0048
jwl0058,RABU,2,VIIB,bio0048
jwl0059,RABU,3,VIIB,bio0048
jwl0060,RABU,4,VIIB,bio0005
jwl0061,RABU,5,VIIB,bio0005
jwl0062,RABU,6,VIIB,bio0010
jwl0063,RABU,7,VIIB,bio0010
jwl0064,RABU,8,VIIB,bio0010
jwl0065,KAMIS,1,VIIB,bio0017
jwl0066,KAMIS,2,VIIB,bio0017
jwl0067,KAMIS,3,VIIB,bio0011
jwl0068,KAMIS,4,VIIB,bio0011
jwl0069,KAMIS,5,VIIB,bio0011
jwl0070,KAMIS,6,VIIB,bio0037
jwl0071,KAMIS,7,VIIB,bio0037
jwl0072,KAMIS,8,VIIB,bio0037
jwl0073,JUM'AT,1,VIIB,-
jwl0074,JUM'AT,2,VIIB,bio0010
jwl0075,JUM'AT,3,VIIB,bio0010
jwl0076,JUM'AT,4,VIIB,bio0005
jwl0077,JUM'AT,5,VIIB,bio0005
jwl0078,SABTU,1,VIIB,bio0035
jwl0079,SABTU,2,VIIB,bio0035
jwl0080,SABTU,3,VIIB,bio0008
jwl0081,SABTU,4,VIIB,bio0017
jwl0082,SABTU,5,VIIB,bio0017
jwl0083,SABTU,6,VIIB,bio0006
jwl0084,SABTU,7,VIIB,bio0006
jwl0085,SENIN,3,VIIC,bio0006
jwl0086,SENIN,4,VIIC,bio0006
jwl0087,SENIN,5,VIIC,bio0005
jwl0088,SENIN,6,VIIC,bio0005
jwl0089,SENIN,7,VIIC,bio0010
jwl0090,SENIN,8,VIIC,bio0010
jwl0091,SELASA,1,VIIC,bio0005
jwl0092,SELASA,2,VIIC,bio0005
jwl0093,SELASA,3,VIIC,bio0037
jwl0094,SELASA,4,VIIC,bio0037
jwl0095,SELASA,5,VIIC,bio0037
jwl0096,SELASA,6,VIIC,bio0011
jwl0097,SELASA,7,VIIC,bio0011
jwl0098,SELASA,8,VIIC,bio0011
jwl0099,RABU,1,VIIC,bio0010
jwl0100,RABU,2,VIIC,bio0010
jwl0101,RABU,3,VIIC,bio0010
jwl0102,RABU,4,VIIC,bio0048
jwl0103,RABU,5,VIIC,bio0048
jwl0104,RABU,6,VIIC,bio0048
jwl0105,RABU,7,VIIC,bio0017
jwl0106,RABU,8,VIIC,bio0017
jwl0107,KAMIS,1,VIIC,bio0006
jwl0108,KAMIS,2,VIIC,bio0006
jwl0109,KAMIS,3,VIIC,bio0032
jwl0110,KAMIS,4,VIIC,bio0032
jwl0111,KAMIS,5,VIIC,bio0032
jwl0112,KAMIS,6,VIIC,bio0023
jwl0113,KAMIS,7,VIIC,bio0023
jwl0114,KAMIS,8,VIIC,bio0023
jwl0115,JUM'AT,1,VIIC,-
jwl0116,JUM'AT,2,VIIC,bio0031
jwl0117,JUM'AT,3,VIIC,bio0031
jwl0118,JUM'AT,4,VIIC,bio0011
jwl0119,JUM'AT,5,VIIC,bio0011
jwl0120,SABTU,1,VIIC,bio0008
jwl0121,SABTU,2,VIIC,bio0017
jwl0122,SABTU,3,VIIC,bio0017
jwl0123,SABTU,4,VIIC,bio0005
jwl0124,SABTU,5,VIIC,bio0005
jwl0125,SABTU,6,VIIC,bio0035
jwl0126,SABTU,7,VIIC,bio0035
jwl0127,SENIN,3,VIID,bio0035
jwl0128,SENIN,4,VIID,bio0035
jwl0129,SENIN,5,VIID,bio0017
jwl0130,SENIN,6,VIID,bio0017
jwl0131,SENIN,7,VIID,bio0031
jwl0132,SENIN,8,VIID,bio0031
jwl0133,SELASA,1,VIID,bio0048
jwl0134,SELASA,2,VIID,bio0048
jwl0135,SELASA,3,VIID,bio0048
jwl0136,SELASA,4,VIID,bio0005
jwl0137,SELASA,5,VIID,bio0005
jwl0138,SELASA,6,VIID,bio0010
jwl0139,SELASA,7,VIID,bio0010
jwl0140,SELASA,8,VIID,bio0010
jwl0141,RABU,1,VIID,bio0006
jwl0142,RABU,2,VIID,bio0006
jwl0143,RABU,3,VIID,bio0032
jwl0144,RABU,4,VIID,bio0032
jwl0145,RABU,5,VIID,bio0032
jwl0146,RABU,6,VIID,bio0023
jwl0147,RABU,7,VIID,bio0023
jwl0148,RABU,8,VIID,bio0023
jwl0149,KAMIS,1,VIID,bio0011
jwl0150,KAMIS,2,VIID,bio0011
jwl0151,KAMIS,3,VIID,bio0037
jwl0152,KAMIS,4,VIID,bio0037
jwl0153,KAMIS,5,VIID,bio0037
jwl0154,KAMIS,6,VIID,bio0017
jwl0155,KAMIS,7,VIID,bio0017
jwl0156,KAMIS,8,VIID,bio0008
jwl0157,JUM'AT,1,VIID,-
jwl0158,JUM'AT,2,VIID,bio0005
jwl0159,JUM'AT,3,VIID,bio0005
jwl0160,JUM'AT,4,VIID,bio0010
jwl0161,JUM'AT,5,VIID,bio0010
jwl0162,SABTU,1,VIID,bio0011
jwl0163,SABTU,2,VIID,bio0011
jwl0164,SABTU,3,VIID,bio0011
jwl0165,SABTU,4,VIID,bio0006
jwl0166,SABTU,5,VIID,bio0006
jwl0167,SABTU,6,VIID,bio0005
jwl0168,SABTU,7,VIID,bio0005
jwl0169,SENIN,3,VIIE,bio0046
jwl0170,SENIN,4,VIIE,bio0046
jwl0171,SENIN,5,VIIE,bio0010
jwl0172,SENIN,6,VIIE,bio0010
jwl0173,SENIN,7,VIIE,bio0006
jwl0174,SENIN,8,VIIE,bio0006
jwl0175,SELASA,1,VIIE,bio0017
jwl0176,SELASA,2,VIIE,bio0017
jwl0177,SELASA,3,VIIE,bio0011
jwl0178,SELASA,4,VIIE,bio0011
jwl0179,SELASA,5,VIIE,bio0011
jwl0180,SELASA,6,VIIE,bio0032
jwl0181,SELASA,7,VIIE,bio0032
jwl0182,SELASA,8,VIIE,bio0032
jwl0183,RABU,1,VIIE,bio0005
jwl0184,RABU,2,VIIE,bio0005
jwl0185,RABU,3,VIIE,bio0006
jwl0186,RABU,4,VIIE,bio0006
jwl0187,RABU,5,VIIE,bio0037
jwl0188,RABU,6,VIIE,bio0037
jwl0189,RABU,7,VIIE,bio0037
jwl0190,RABU,8,VIIE,bio0008
jwl0191,KAMIS,1,VIIE,bio0010
jwl0192,KAMIS,2,VIIE,bio0010
jwl0193,KAMIS,3,VIIE,bio0010
jwl0194,KAMIS,4,VIIE,bio0048
jwl0195,KAMIS,5,VIIE,bio0048
jwl0196,KAMIS,6,VIIE,bio0048
jwl0197,KAMIS,7,VIIE,bio0005
jwl0198,KAMIS,8,VIIE,bio0005
jwl0199,JUM'AT,1,VIIE,-
jwl0200,JUM'AT,2,VIIE,bio0011
jwl0201,JUM'AT,3,VIIE,bio0011
jwl0202,JUM'AT,4,VIIE,bio0017
jwl0203,JUM'AT,5,VIIE,bio0017
jwl0204,SABTU,1,VIIE,bio0005
jwl0205,SABTU,2,VIIE,bio0005
jwl0206,SABTU,3,VIIE,bio0031
jwl0207,SABTU,4,VIIE,bio0031
jwl0208,SABTU,5,VIIE,bio0023
jwl0209,SABTU,6,VIIE,bio0023
jwl0210,SABTU,7,VIIE,bio0023
jwl0211,SENIN,3,VIIF,bio0011
jwl0212,SENIN,4,VIIF,bio0011
jwl0213,SENIN,5,VIIF,bio0011
jwl0214,SENIN,6,VIIF,bio0023
jwl0215,SENIN,7,VIIF,bio0023
jwl0216,SENIN,8,VIIF,bio0023
jwl0217,SELASA,1,VIIF,bio0008
jwl0218,SELASA,2,VIIF,bio0038
jwl0219,SELASA,3,VIIF,bio0038
jwl0220,SELASA,4,VIIF,bio0010
jwl0221,SELASA,5,VIIF,bio0010
jwl0222,SELASA,6,VIIF,bio0037
jwl0223,SELASA,7,VIIF,bio0037
jwl0224,SELASA,8,VIIF,bio0037
jwl0225,RABU,1,VIIF,bio0046
jwl0226,RABU,2,VIIF,bio0046
jwl0227,RABU,3,VIIF,bio0017
jwl0228,RABU,4,VIIF,bio0017
jwl0229,RABU,5,VIIF,bio0038
jwl0230,RABU,6,VIIF,bio0038
jwl0231,RABU,7,VIIF,bio0006
jwl0232,RABU,8,VIIF,bio0006
jwl0233,KAMIS,1,VIIF,bio0048
jwl0234,KAMIS,2,VIIF,bio0048
jwl0235,KAMIS,3,VIIF,bio0048
jwl0236,KAMIS,4,VIIF,bio0010
jwl0237,KAMIS,5,VIIF,bio0010
jwl0238,KAMIS,6,VIIF,bio0010
jwl0239,KAMIS,7,VIIF,bio0031
jwl0240,KAMIS,8,VIIF,bio0031
jwl0241,JUM'AT,1,VIIF,-
jwl0242,JUM'AT,2,VIIF,bio0006
jwl0243,JUM'AT,3,VIIF,bio0006
jwl0244,JUM'AT,4,VIIF,bio0038
jwl0245,JUM'AT,5,VIIF,bio0038
jwl0246,SABTU,1,VIIF,bio0032
jwl0247,SABTU,2,VIIF,bio0032
jwl0248,SABTU,3,VIIF,bio0032
jwl0249,SABTU,4,VIIF,bio0011
jwl0250,SABTU,5,VIIF,bio0011
jwl0251,SABTU,6,VIIF,bio0017
jwl0252,SABTU,7,VIIF,bio0017
jwl0253,SENIN,3,VIIG,bio0023
jwl0254,SENIN,4,VIIG,bio0023
jwl0255,SENIN,5,VIIG,bio0023
jwl0256,SENIN,6,VIIG,bio0037
jwl0257,SENIN,7,VIIG,bio0037
jwl0258,SENIN,8,VIIG,bio0037
jwl0259,SELASA,1,VIIG,bio0018
jwl0260,SELASA,2,VIIG,bio0018
jwl0261,SELASA,3,VIIG,bio0018
jwl0262,SELASA,4,VIIG,bio0038
jwl0263,SELASA,5,VIIG,bio0038
jwl0264,SELASA,6,VIIG,bio0030
jwl0265,SELASA,7,VIIG,bio0030
jwl0266,SELASA,8,VIIG,bio0030
jwl0267,RABU,1,VIIG,bio0031
jwl0268,RABU,2,VIIG,bio0031
jwl0269,RABU,3,VIIG,bio0022
jwl0270,RABU,4,VIIG,bio0022
jwl0271,RABU,5,VIIG,bio0035
jwl0272,RABU,6,VIIG,bio0035
jwl0273,RABU,7,VIIG,bio0046
jwl0274,RABU,8,VIIG,bio0046
jwl0275,KAMIS,1,VIIG,bio0018
jwl0276,KAMIS,2,VIIG,bio0018
jwl0277,KAMIS,3,VIIG,bio0047
jwl0278,KAMIS,4,VIIG,bio0038
jwl0279,KAMIS,5,VIIG,bio0038
jwl0280,KAMIS,6,VIIG,bio0032
jwl0281,KAMIS,7,VIIG,bio0032
jwl0282,KAMIS,8,VIIG,bio0032
jwl0283,JUM'AT,1,VIIG,-
jwl0284,JUM'AT,2,VIIG,bio0022
jwl0285,JUM'AT,3,VIIG,bio0022
jwl0286,JUM'AT,4,VIIG,bio0030
jwl0287,JUM'AT,5,VIIG,bio0030
jwl0288,SABTU,1,VIIG,bio0048
jwl0289,SABTU,2,VIIG,bio0048
jwl0290,SABTU,3,VIIG,bio0048
jwl0291,SABTU,4,VIIG,bio0035
jwl0292,SABTU,5,VIIG,bio0035
jwl0293,SABTU,6,VIIG,bio0038
jwl0294,SABTU,7,VIIG,bio0038
jwl0295,SENIN,3,VIIH,bio0030
jwl0296,SENIN,4,VIIH,bio0030
jwl0297,SENIN,5,VIIH,bio0035
jwl0298,SENIN,6,VIIH,bio0035
jwl0299,SENIN,7,VIIH,bio0022
jwl0300,SENIN,8,VIIH,bio0022
jwl0301,SELASA,1,VIIH,bio0023
jwl0302,SELASA,2,VIIH,bio0023
jwl0303,SELASA,3,VIIH,bio0023
jwl0304,SELASA,4,VIIH,bio0018
jwl0305,SELASA,5,VIIH,bio0018
jwl0306,SELASA,6,VIIH,bio0018
jwl0307,SELASA,7,VIIH,bio0038
jwl0308,SELASA,8,VIIH,bio0038
jwl0309,RABU,1,VIIH,bio0022
jwl0310,RABU,2,VIIH,bio0022
jwl0311,RABU,3,VIIH,bio0035
jwl0312,RABU,4,VIIH,bio0035
jwl0313,RABU,5,VIIH,bio0046
jwl0314,RABU,6,VIIH,bio0046
jwl0315,RABU,7,VIIH,bio0038
jwl0316,RABU,8,VIIH,bio0038
jwl0317,KAMIS,1,VIIH,bio0030
jwl0318,KAMIS,2,VIIH,bio0030
jwl0319,KAMIS,3,VIIH,bio0030
jwl0320,KAMIS,4,VIIH,bio0018
jwl0321,KAMIS,5,VIIH,bio0018
jwl0322,KAMIS,6,VIIH,bio0013
jwl0323,KAMIS,7,VIIH,bio0013
jwl0324,KAMIS,8,VIIH,bio0013
jwl0325,JUM'AT,1,VIIH,-
jwl0326,JUM'AT,2,VIIH,bio0047
jwl0327,JUM'AT,3,VIIH,bio0048
jwl0328,JUM'AT,4,VIIH,bio0048
jwl0329,JUM'AT,5,VIIH,bio0048
jwl0330,SABTU,1,VIIH,bio0038
jwl0331,SABTU,2,VIIH,bio0038
jwl0332,SABTU,3,VIIH,bio0027
jwl0333,SABTU,4,VIIH,bio0027
jwl0334,SABTU,5,VIIH,bio0027
jwl0335,SABTU,6,VIIH,bio0031
jwl0336,SABTU,7,VIIH,bio0031
jwl0337,SENIN,3,VIIIA,bio0044
jwl0338,SENIN,4,VIIIA,bio0044
jwl0339,SENIN,5,VIIIA,bio0044
jwl0340,SENIN,6,VIIIA,bio0007
jwl0341,SENIN,7,VIIIA,bio0007
jwl0342,SENIN,8,VIIIA,bio0007
jwl0343,SELASA,1,VIIIA,bio0014
jwl0344,SELASA,2,VIIIA,bio0014
jwl0345,SELASA,3,VIIIA,bio0028
jwl0346,SELASA,4,VIIIA,bio0028
jwl0347,SELASA,5,VIIIA,bio0021
jwl0348,SELASA,6,VIIIA,bio0021
jwl0349,SELASA,7,VIIIA,bio0024
jwl0350,SELASA,8,VIIIA,bio0024
jwl0351,RABU,1,VIIIA,bio0018
jwl0352,RABU,2,VIIIA,bio0018
jwl0353,RABU,3,VIIIA,bio0018
jwl0354,RABU,4,VIIIA,bio0003
jwl0355,RABU,5,VIIIA,bio0003
jwl0356,RABU,6,VIIIA,bio0003
jwl0357,RABU,7,VIIIA,bio0024
jwl0358,RABU,8,VIIIA,bio0024
jwl0359,KAMIS,1,VIIIA,bio0007
jwl0360,KAMIS,2,VIIIA,bio0007
jwl0361,KAMIS,3,VIIIA,bio0031
jwl0362,KAMIS,4,VIIIA,bio0031
jwl0363,KAMIS,5,VIIIA,bio0031
jwl0364,KAMIS,6,VIIIA,bio0025
jwl0365,KAMIS,7,VIIIA,bio0025
jwl0366,KAMIS,8,VIIIA,bio0025
jwl0367,JUM'AT,1,VIIIA,-
jwl0368,JUM'AT,2,VIIIA,bio0014
jwl0369,JUM'AT,3,VIIIA,bio0014
jwl0370,JUM'AT,4,VIIIA,bio0043
jwl0371,JUM'AT,5,VIIIA,bio0043
jwl0372,SABTU,1,VIIIA,bio0018
jwl0373,SABTU,2,VIIIA,bio0018
jwl0374,SABTU,3,VIIIA,bio0028
jwl0375,SABTU,4,VIIIA,bio0028
jwl0376,SABTU,5,VIIIA,bio0008
jwl0377,SABTU,6,VIIIA,bio0024
jwl0378,SABTU,7,VIIIA,bio0024
jwl0379,SENIN,3,VIIIB,bio0028
jwl0380,SENIN,4,VIIIB,bio0028
jwl0381,SENIN,5,VIIIB,bio0014
jwl0382,SENIN,6,VIIIB,bio0014
jwl0383,SENIN,7,VIIIB,bio0024
jwl0384,SENIN,8,VIIIB,bio0024
jwl0385,SELASA,1,VIIIB,bio0024
jwl0386,SELASA,2,VIIIB,bio0024
jwl0387,SELASA,3,VIIIB,bio0021
jwl0388,SELASA,4,VIIIB,bio0021
jwl0389,SELASA,5,VIIIB,bio0043
jwl0390,SELASA,6,VIIIB,bio0043
jwl0391,SELASA,7,VIIIB,bio0018
jwl0392,SELASA,8,VIIIB,bio0018
jwl0393,RABU,1,VIIIB,bio0003
jwl0394,RABU,2,VIIIB,bio0003
jwl0395,RABU,3,VIIIB,bio0003
jwl0396,RABU,4,VIIIB,bio0031
jwl0397,RABU,5,VIIIB,bio0031
jwl0398,RABU,6,VIIIB,bio0031
jwl0399,RABU,7,VIIIB,bio0028
jwl0400,RABU,8,VIIIB,bio0028
jwl0401,KAMIS,1,VIIIB,bio0024
jwl0402,KAMIS,2,VIIIB,bio0024
jwl0403,KAMIS,3,VIIIB,bio0007
jwl0404,KAMIS,4,VIIIB,bio0007
jwl0405,KAMIS,5,VIIIB,bio0007
jwl0406,KAMIS,6,VIIIB,bio0018
jwl0407,KAMIS,7,VIIIB,bio0018
jwl0408,KAMIS,8,VIIIB,bio0018
jwl0409,JUM'AT,1,VIIIB,-
jwl0410,JUM'AT,2,VIIIB,bio0044
jwl0411,JUM'AT,3,VIIIB,bio0044
jwl0412,JUM'AT,4,VIIIB,bio0044
jwl0413,JUM'AT,5,VIIIB,bio0047
jwl0414,SABTU,1,VIIIB,bio0014
jwl0415,SABTU,2,VIIIB,bio0014
jwl0416,SABTU,3,VIIIB,bio0025
jwl0417,SABTU,4,VIIIB,bio0025
jwl0418,SABTU,5,VIIIB,bio0025
jwl0419,SABTU,6,VIIIB,bio0007
jwl0420,SABTU,7,VIIIB,bio0007
jwl0421,SENIN,3,VIIIC,bio0007
jwl0422,SENIN,4,VIIIC,bio0007
jwl0423,SENIN,5,VIIIC,bio0007
jwl0424,SENIN,6,VIIIC,bio0018
jwl0425,SENIN,7,VIIIC,bio0018
jwl0426,SENIN,8,VIIIC,bio0018
jwl0427,SELASA,1,VIIIC,bio0047
jwl0428,SELASA,2,VIIIC,bio0031
jwl0429,SELASA,3,VIIIC,bio0031
jwl0430,SELASA,4,VIIIC,bio0031
jwl0431,SELASA,5,VIIIC,bio0028
jwl0432,SELASA,6,VIIIC,bio0028
jwl0433,SELASA,7,VIIIC,bio0021
jwl0434,SELASA,8,VIIIC,bio0021
jwl0435,RABU,1,VIIIC,bio0024
jwl0436,RABU,2,VIIIC,bio0024
jwl0437,RABU,3,VIIIC,bio0044
jwl0438,RABU,4,VIIIC,bio0044
jwl0439,RABU,5,VIIIC,bio0044
jwl0440,RABU,6,VIIIC,bio0025
jwl0441,RABU,7,VIIIC,bio0025
jwl0442,RABU,8,VIIIC,bio0025
jwl0443,KAMIS,1,VIIIC,bio0043
jwl0444,KAMIS,2,VIIIC,bio0043
jwl0445,KAMIS,3,VIIIC,bio0014
jwl0446,KAMIS,4,VIIIC,bio0014
jwl0447,KAMIS,5,VIIIC,bio0028
jwl0448,KAMIS,6,VIIIC,bio0028
jwl0449,KAMIS,7,VIIIC,bio0007
jwl0450,KAMIS,8,VIIIC,bio0007
jwl0451,JUM'AT,1,VIIIC,-
jwl0452,JUM'AT,2,VIIIC,bio0018
jwl0453,JUM'AT,3,VIIIC,bio0018
jwl0454,JUM'AT,4,VIIIC,bio0024
jwl0455,JUM'AT,5,VIIIC,bio0024
jwl0456,SABTU,1,VIIIC,bio0003
jwl0457,SABTU,2,VIIIC,bio0003
jwl0458,SABTU,3,VIIIC,bio0003
jwl0459,SABTU,4,VIIIC,bio0024
jwl0460,SABTU,5,VIIIC,bio0024
jwl0461,SABTU,6,VIIIC,bio0014
jwl0462,SABTU,7,VIIIC,bio0014
jwl0463,SENIN,3,VIIID,bio0018
jwl0464,SENIN,4,VIIID,bio0018
jwl0465,SENIN,5,VIIID,bio0018
jwl0466,SENIN,6,VIIID,bio0047
jwl0467,SENIN,7,VIIID,bio0014
jwl0468,SENIN,8,VIIID,bio0014
jwl0469,SELASA,1,VIIID,bio0003
jwl0470,SELASA,2,VIIID,bio0003
jwl0471,SELASA,3,VIIID,bio0003
jwl0472,SELASA,4,VIIID,bio0007
jwl0473,SELASA,5,VIIID,bio0007
jwl0474,SELASA,6,VIIID,bio0007
jwl0475,SELASA,7,VIIID,bio0029
jwl0476,SELASA,8,VIIID,bio0029
jwl0477,RABU,1,VIIID,bio0043
jwl0478,RABU,2,VIIID,bio0043
jwl0479,RABU,3,VIIID,bio0029
jwl0480,RABU,4,VIIID,bio0029
jwl0481,RABU,5,VIIID,bio0028
jwl0482,RABU,6,VIIID,bio0028
jwl0483,RABU,7,VIIID,bio0018
jwl0484,RABU,8,VIIID,bio0018
jwl0485,KAMIS,1,VIIID,bio0014
jwl0486,KAMIS,2,VIIID,bio0014
jwl0487,KAMIS,3,VIIID,bio0025
jwl0488,KAMIS,4,VIIID,bio0025
jwl0489,KAMIS,5,VIIID,bio0025
jwl0490,KAMIS,6,VIIID,bio0044
jwl0491,KAMIS,7,VIIID,bio0044
jwl0492,KAMIS,8,VIIID,bio0044
jwl0493,JUM'AT,1,VIIID,-
jwl0494,JUM'AT,2,VIIID,bio0028
jwl0495,JUM'AT,3,VIIID,bio0028
jwl0496,JUM'AT,4,VIIID,bio0007
jwl0497,JUM'AT,5,VIIID,bio0007
jwl0498,SABTU,1,VIIID,bio0021
jwl0499,SABTU,2,VIIID,bio0021
jwl0500,SABTU,3,VIIID,bio0029
jwl0501,SABTU,4,VIIID,bio0029
jwl0502,SABTU,5,VIIID,bio0012
jwl0503,SABTU,6,VIIID,bio0012
jwl0504,SABTU,7,VIIID,bio0012
jwl0505,SENIN,3,VIIIE,bio0014
jwl0506,SENIN,4,VIIIE,bio0014
jwl0507,SENIN,5,VIIIE,bio0043
jwl0508,SENIN,6,VIIIE,bio0043
jwl0509,SENIN,7,VIIIE,bio0029
jwl0510,SENIN,8,VIIIE,bio0029
jwl0511,SELASA,1,VIIIE,bio0025
jwl0512,SELASA,2,VIIIE,bio0025
jwl0513,SELASA,3,VIIIE,bio0025
jwl0514,SELASA,4,VIIIE,bio0003
jwl0515,SELASA,5,VIIIE,bio0003
jwl0516,SELASA,6,VIIIE,bio0003
jwl0517,SELASA,7,VIIIE,bio0028
jwl0518,SELASA,8,VIIIE,bio0028
jwl0519,RABU,1,VIIIE,bio0012
jwl0520,RABU,2,VIIIE,bio0012
jwl0521,RABU,3,VIIIE,bio0012
jwl0522,RABU,4,VIIIE,bio0014
jwl0523,RABU,5,VIIIE,bio0014
jwl0524,RABU,6,VIIIE,bio0016
jwl0525,RABU,7,VIIIE,bio0016
jwl0526,RABU,8,VIIIE,bio0016
jwl0527,KAMIS,1,VIIIE,bio0044
jwl0528,KAMIS,2,VIIIE,bio0044
jwl0529,KAMIS,3,VIIIE,bio0044
jwl0530,KAMIS,4,VIIIE,bio0030
jwl0531,KAMIS,5,VIIIE,bio0030
jwl0532,KAMIS,6,VIIIE,bio0030
jwl0533,KAMIS,7,VIIIE,bio0029
jwl0534,KAMIS,8,VIIIE,bio0029
jwl0535,JUM'AT,1,VIIIE,-
jwl0536,JUM'AT,2,VIIIE,bio0029
jwl0537,JUM'AT,3,VIIIE,bio0029
jwl0538,JUM'AT,4,VIIIE,bio0016
jwl0539,JUM'AT,5,VIIIE,bio0016
jwl0540,SABTU,1,VIIIE,bio0030
jwl0541,SABTU,2,VIIIE,bio0030
jwl0542,SABTU,3,VIIIE,bio0021
jwl0543,SABTU,4,VIIIE,bio0021
jwl0544,SABTU,5,VIIIE,bio0028
jwl0545,SABTU,6,VIIIE,bio0028
jwl0546,SABTU,7,VIIIE,bio0047
jwl0547,SENIN,3,VIIIF,bio0029
jwl0548,SENIN,4,VIIIF,bio0029
jwl0549,SENIN,5,VIIIF,bio0016
jwl0550,SENIN,6,VIIIF,bio0016
jwl0551,SENIN,7,VIIIF,bio0028
jwl0552,SENIN,8,VIIIF,bio0028
jwl0553,SELASA,1,VIIIF,bio0029
jwl0554,SELASA,2,VIIIF,bio0029
jwl0555,SELASA,3,VIIIF,bio0030
jwl0556,SELASA,4,VIIIF,bio0030
jwl0557,SELASA,5,VIIIF,bio0030
jwl0558,SELASA,6,VIIIF,bio0044
jwl0559,SELASA,7,VIIIF,bio0044
jwl0560,SELASA,8,VIIIF,bio0044
jwl0561,RABU,1,VIIIF,bio0014
jwl0562,RABU,2,VIIIF,bio0014
jwl0563,RABU,3,VIIIF,bio0025
jwl0564,RABU,4,VIIIF,bio0025
jwl0565,RABU,5,VIIIF,bio0025
jwl0566,RABU,6,VIIIF,bio0012
jwl0567,RABU,7,VIIIF,bio0012
jwl0568,RABU,8,VIIIF,bio0012
jwl0569,KAMIS,1,VIIIF,bio0003
jwl0570,KAMIS,2,VIIIF,bio0003
jwl0571,KAMIS,3,VIIIF,bio0003
jwl0572,KAMIS,4,VIIIF,bio0016
jwl0573,KAMIS,5,VIIIF,bio0016
jwl0574,KAMIS,6,VIIIF,bio0016
jwl0575,KAMIS,7,VIIIF,bio0028
jwl0576,KAMIS,8,VIIIF,bio0028
jwl0577,JUM'AT,1,VIIIF,-
jwl0578,JUM'AT,2,VIIIF,bio0043
jwl0579,JUM'AT,3,VIIIF,bio0043
jwl0580,JUM'AT,4,VIIIF,bio0021
jwl0581,JUM'AT,5,VIIIF,bio0021
jwl0582,SABTU,1,VIIIF,bio0029
jwl0583,SABTU,2,VIIIF,bio0029
jwl0584,SABTU,3,VIIIF,bio0014
jwl0585,SABTU,4,VIIIF,bio0014
jwl0586,SABTU,5,VIIIF,bio0047
jwl0587,SABTU,6,VIIIF,bio0030
jwl0588,SABTU,7,VIIIF,bio0030
jwl0589,SENIN,3,VIIIG,bio0003
jwl0590,SENIN,4,VIIIG,bio0003
jwl0591,SENIN,5,VIIIG,bio0003
jwl0592,SENIN,6,VIIIG,bio0030
jwl0593,SENIN,7,VIIIG,bio0030
jwl0594,SENIN,8,VIIIG,bio0030
jwl0595,SELASA,1,VIIIG,bio0028
jwl0596,SELASA,2,VIIIG,bio0028
jwl0597,SELASA,3,VIIIG,bio0044
jwl0598,SELASA,4,VIIIG,bio0044
jwl0599,SELASA,5,VIIIG,bio0044
jwl0600,SELASA,6,VIIIG,bio0016
jwl0601,SELASA,7,VIIIG,bio0016
jwl0602,SELASA,8,VIIIG,bio0016
jwl0603,RABU,1,VIIIG,bio0030
jwl0604,RABU,2,VIIIG,bio0030
jwl0605,RABU,3,VIIIG,bio0021
jwl0606,RABU,4,VIIIG,bio0021
jwl0607,RABU,5,VIIIG,bio0022
jwl0608,RABU,6,VIIIG,bio0022
jwl0609,RABU,7,VIIIG,bio0029
jwl0610,RABU,8,VIIIG,bio0029
jwl0611,KAMIS,1,VIIIG,bio0028
jwl0612,KAMIS,2,VIIIG,bio0028
jwl0613,KAMIS,3,VIIIG,bio0029
jwl0614,KAMIS,4,VIIIG,bio0029
jwl0615,KAMIS,5,VIIIG,bio0043
jwl0616,KAMIS,6,VIIIG,bio0043
jwl0617,KAMIS,7,VIIIG,bio0016
jwl0618,KAMIS,8,VIIIG,bio0016
jwl0619,JUM'AT,1,VIIIG,-
jwl0620,JUM'AT,2,VIIIG,bio0020
jwl0621,JUM'AT,3,VIIIG,bio0025
jwl0622,JUM'AT,4,VIIIG,bio0025
jwl0623,JUM'AT,5,VIIIG,bio0025
jwl0624,SABTU,1,VIIIG,bio0023
jwl0625,SABTU,2,VIIIG,bio0023
jwl0626,SABTU,3,VIIIG,bio0023
jwl0627,SABTU,4,VIIIG,bio0022
jwl0628,SABTU,5,VIIIG,bio0022
jwl0629,SABTU,6,VIIIG,bio0029
jwl0630,SABTU,7,VIIIG,bio0029
jwl0631,SENIN,3,VIIIH,bio0021
jwl0632,SENIN,4,VIIIH,bio0021
jwl0633,SENIN,5,VIIIH,bio0029
jwl0634,SENIN,6,VIIIH,bio0029
jwl0635,SENIN,7,VIIIH,bio0043
jwl0636,SENIN,8,VIIIH,bio0043
jwl0637,SELASA,1,VIIIH,bio0016
jwl0638,SELASA,2,VIIIH,bio0016
jwl0639,SELASA,3,VIIIH,bio0016
jwl0640,SELASA,4,VIIIH,bio0029
jwl0641,SELASA,5,VIIIH,bio0029
jwl0642,SELASA,6,VIIIH,bio0025
jwl0643,SELASA,7,VIIIH,bio0025
jwl0644,SELASA,8,VIIIH,bio0025
jwl0645,RABU,1,VIIIH,bio0028
jwl0646,RABU,2,VIIIH,bio0028
jwl0647,RABU,3,VIIIH,bio0023
jwl0648,RABU,4,VIIIH,bio0023
jwl0649,RABU,5,VIIIH,bio0023
jwl0650,RABU,6,VIIIH,bio0044
jwl0651,RABU,7,VIIIH,bio0044
jwl0652,RABU,8,VIIIH,bio0044
jwl0653,KAMIS,1,VIIIH,bio0047
jwl0654,KAMIS,2,VIIIH,bio0022
jwl0655,KAMIS,3,VIIIH,bio0022
jwl0656,KAMIS,4,VIIIH,bio0003
jwl0657,KAMIS,5,VIIIH,bio0003
jwl0658,KAMIS,6,VIIIH,bio0003
jwl0659,KAMIS,7,VIIIH,bio0030
jwl0660,KAMIS,8,VIIIH,bio0030
jwl0661,JUM'AT,1,VIIIH,-
jwl0662,JUM'AT,2,VIIIH,bio0016
jwl0663,JUM'AT,3,VIIIH,bio0016
jwl0664,JUM'AT,4,VIIIH,bio0029
jwl0665,JUM'AT,5,VIIIH,bio0029
jwl0666,SABTU,1,VIIIH,bio0028
jwl0667,SABTU,2,VIIIH,bio0028
jwl0668,SABTU,3,VIIIH,bio0030
jwl0669,SABTU,4,VIIIH,bio0030
jwl0670,SABTU,5,VIIIH,bio0030
jwl0671,SABTU,6,VIIIH,bio0022
jwl0672,SABTU,7,VIIIH,bio0022
jwl0673,SENIN,3,IXA,bio0009
jwl0674,SENIN,4,IXA,bio0009
jwl0675,SENIN,5,IXA,bio0002
jwl0676,SENIN,6,IXA,bio0002
jwl0677,SENIN,7,IXA,bio0026
jwl0678,SENIN,8,IXA,bio0026
jwl0679,SELASA,1,IXA,bio0027
jwl0680,SELASA,2,IXA,bio0027
jwl0681,SELASA,3,IXA,bio0027
jwl0682,SELASA,4,IXA,bio0035
jwl0683,SELASA,5,IXA,bio0035
jwl0684,SELASA,6,IXA,bio0013
jwl0685,SELASA,7,IXA,bio0013
jwl0686,SELASA,8,IXA,bio0013
jwl0687,RABU,1,IXA,bio0026
jwl0688,RABU,2,IXA,bio0026
jwl0689,RABU,3,IXA,bio0004
jwl0690,RABU,4,IXA,bio0004
jwl0691,RABU,5,IXA,bio0004
jwl0692,RABU,6,IXA,bio0009
jwl0693,RABU,7,IXA,bio0009
jwl0694,RABU,8,IXA,bio0009
jwl0695,KAMIS,1,IXA,bio0019
jwl0696,KAMIS,2,IXA,bio0019
jwl0697,KAMIS,3,IXA,bio0012
jwl0698,KAMIS,4,IXA,bio0012
jwl0699,KAMIS,5,IXA,bio0012
jwl0700,KAMIS,6,IXA,bio0020
jwl0701,KAMIS,7,IXA,bio0015
jwl0702,KAMIS,8,IXA,bio0015
jwl0703,JUM'AT,1,IXA,-
jwl0704,JUM'AT,2,IXA,bio0021
jwl0705,JUM'AT,3,IXA,bio0021
jwl0706,JUM'AT,4,IXA,bio0002
jwl0707,JUM'AT,5,IXA,bio0002
jwl0708,SABTU,1,IXA,bio0002
jwl0709,SABTU,2,IXA,bio0002
jwl0710,SABTU,3,IXA,bio0015
jwl0711,SABTU,4,IXA,bio0015
jwl0712,SABTU,5,IXA,bio0015
jwl0713,SABTU,6,IXA,bio0019
jwl0714,SABTU,7,IXA,bio0019
jwl0715,SENIN,3,IXB,bio0027
jwl0716,SENIN,4,IXB,bio0027
jwl0717,SENIN,5,IXB,bio0027
jwl0718,SENIN,6,IXB,bio0012
jwl0719,SENIN,7,IXB,bio0012
jwl0720,SENIN,8,IXB,bio0012
jwl0721,SELASA,1,IXB,bio0009
jwl0722,SELASA,2,IXB,bio0009
jwl0723,SELASA,3,IXB,bio0013
jwl0724,SELASA,4,IXB,bio0013
jwl0725,SELASA,5,IXB,bio0013
jwl0726,SELASA,6,IXB,bio0015
jwl0727,SELASA,7,IXB,bio0015
jwl0728,SELASA,8,IXB,bio0015
jwl0729,RABU,1,IXB,bio0002
jwl0730,RABU,2,IXB,bio0002
jwl0731,RABU,3,IXB,bio0019
jwl0732,RABU,4,IXB,bio0019
jwl0733,RABU,5,IXB,bio0021
jwl0734,RABU,6,IXB,bio0021
jwl0735,RABU,7,IXB,bio0026
jwl0736,RABU,8,IXB,bio0026
jwl0737,KAMIS,1,IXB,bio0004
jwl0738,KAMIS,2,IXB,bio0004
jwl0739,KAMIS,3,IXB,bio0004
jwl0740,KAMIS,4,IXB,bio0002
jwl0741,KAMIS,5,IXB,bio0002
jwl0742,KAMIS,6,IXB,bio0009
jwl0743,KAMIS,7,IXB,bio0009
jwl0744,KAMIS,8,IXB,bio0009
jwl0745,JUM'AT,1,IXB,-
jwl0746,JUM'AT,2,IXB,bio0015
jwl0747,JUM'AT,3,IXB,bio0015
jwl0748,JUM'AT,4,IXB,bio0035
jwl0749,JUM'AT,5,IXB,bio0035
jwl0750,SABTU,1,IXB,bio0019
jwl0751,SABTU,2,IXB,bio0019
jwl0752,SABTU,3,IXB,bio0020
jwl0753,SABTU,4,IXB,bio0026
jwl0754,SABTU,5,IXB,bio0026
jwl0755,SABTU,6,IXB,bio0002
jwl0756,SABTU,7,IXB,bio0002
jwl0757,SENIN,3,IXC,bio0012
jwl0758,SENIN,4,IXC,bio0012
jwl0759,SENIN,5,IXC,bio0012
jwl0760,SENIN,6,IXC,bio0009
jwl0761,SENIN,7,IXC,bio0009
jwl0762,SENIN,8,IXC,bio0009
jwl0763,SELASA,1,IXC,bio0015
jwl0764,SELASA,2,IXC,bio0015
jwl0765,SELASA,3,IXC,bio0015
jwl0766,SELASA,4,IXC,bio0004
jwl0767,SELASA,5,IXC,bio0004
jwl0768,SELASA,6,IXC,bio0004
jwl0769,SELASA,7,IXC,bio0002
jwl0770,SELASA,8,IXC,bio0002
jwl0771,RABU,1,IXC,bio0035
jwl0772,RABU,2,IXC,bio0035
jwl0773,RABU,3,IXC,bio0026
jwl0774,RABU,4,IXC,bio0026
jwl0775,RABU,5,IXC,bio0002
jwl0776,RABU,6,IXC,bio0002
jwl0777,RABU,7,IXC,bio0019
jwl0778,RABU,8,IXC,bio0019
jwl0779,KAMIS,1,IXC,bio0013
jwl0780,KAMIS,2,IXC,bio0013
jwl0781,KAMIS,3,IXC,bio0013
jwl0782,KAMIS,4,IXC,bio0009
jwl0783,KAMIS,5,IXC,bio0009
jwl0784,KAMIS,6,IXC,bio0027
jwl0785,KAMIS,7,IXC,bio0027
jwl0786,KAMIS,8,IXC,bio0027
jwl0787,JUM'AT,1,IXC,-
jwl0788,JUM'AT,2,IXC,bio0002
jwl0789,JUM'AT,3,IXC,bio0002
jwl0790,JUM'AT,4,IXC,bio0015
jwl0791,JUM'AT,5,IXC,bio0015
jwl0792,SABTU,1,IXC,bio0026
jwl0793,SABTU,2,IXC,bio0026
jwl0794,SABTU,3,IXC,bio0019
jwl0795,SABTU,4,IXC,bio0019
jwl0796,SABTU,5,IXC,bio0020
jwl0797,SABTU,6,IXC,bio0021
jwl0798,SABTU,7,IXC,bio0021
jwl0799,SENIN,3,IXD,bio0015
jwl0800,SENIN,4,IXD,bio0015
jwl0801,SENIN,5,IXD,bio0019
jwl0802,SENIN,6,IXD,bio0019
jwl0803,SENIN,7,IXD,bio0002
jwl0804,SENIN,8,IXD,bio0002
jwl0805,SELASA,1,IXD,bio0021
jwl0806,SELASA,2,IXD,bio0021
jwl0807,SELASA,3,IXD,bio0009
jwl0808,SELASA,4,IXD,bio0009
jwl0809,SELASA,5,IXD,bio0002
jwl0810,SELASA,6,IXD,bio0002
jwl0811,SELASA,7,IXD,bio0026
jwl0812,SELASA,8,IXD,bio0026
jwl0813,RABU,1,IXD,bio0019
jwl0814,RABU,2,IXD,bio0019
jwl0815,RABU,3,IXD,bio0013
jwl0816,RABU,4,IXD,bio0013
jwl0817,RABU,5,IXD,bio0013
jwl0818,RABU,6,IXD,bio0027
jwl0819,RABU,7,IXD,bio0027
jwl0820,RABU,8,IXD,bio0027
jwl0821,KAMIS,1,IXD,bio0009
jwl0822,KAMIS,2,IXD,bio0009
jwl0823,KAMIS,3,IXD,bio0009
jwl0824,KAMIS,4,IXD,bio0015
jwl0825,KAMIS,5,IXD,bio0015
jwl0826,KAMIS,6,IXD,bio0015
jwl0827,KAMIS,7,IXD,bio0002
jwl0828,KAMIS,8,IXD,bio0002
jwl0829,JUM'AT,1,IXD,-
jwl0830,JUM'AT,2,IXD,bio0004
jwl0831,JUM'AT,3,IXD,bio0004
jwl0832,JUM'AT,4,IXD,bio0004
jwl0833,JUM'AT,5,IXD,bio0020
jwl0834,SABTU,1,IXD,bio0012
jwl0835,SABTU,2,IXD,bio0012
jwl0836,SABTU,3,IXD,bio0012
jwl0837,SABTU,4,IXD,bio0032
jwl0838,SABTU,5,IXD,bio0032
jwl0839,SABTU,6,IXD,bio0026
jwl0840,SABTU,7,IXD,bio0026
jwl0841,SENIN,3,IXE,bio0019
jwl0842,SENIN,4,IXE,bio0019
jwl0843,SENIN,5,IXE,bio0020
jwl0844,SENIN,6,IXE,bio0027
jwl0845,SENIN,7,IXE,bio0027
jwl0846,SENIN,8,IXE,bio0027
jwl0847,SELASA,1,IXE,bio0002
jwl0848,SELASA,2,IXE,bio0002
jwl0849,SELASA,3,IXE,bio0012
jwl0850,SELASA,4,IXE,bio0012
jwl0851,SELASA,5,IXE,bio0012
jwl0852,SELASA,6,IXE,bio0009
jwl0853,SELASA,7,IXE,bio0009
jwl0854,SELASA,8,IXE,bio0009
jwl0855,RABU,1,IXE,bio0032
jwl0856,RABU,2,IXE,bio0032
jwl0857,RABU,3,IXE,bio0002
jwl0858,RABU,4,IXE,bio0002
jwl0859,RABU,5,IXE,bio0026
jwl0860,RABU,6,IXE,bio0026
jwl0861,RABU,7,IXE,bio0021
jwl0862,RABU,8,IXE,bio0021
jwl0863,KAMIS,1,IXE,bio0015
jwl0864,KAMIS,2,IXE,bio0015
jwl0865,KAMIS,3,IXE,bio0015
jwl0866,KAMIS,4,IXE,bio0004
jwl0867,KAMIS,5,IXE,bio0004
jwl0868,KAMIS,6,IXE,bio0004
jwl0869,KAMIS,7,IXE,bio0019
jwl0870,KAMIS,8,IXE,bio0019
jwl0871,JUM'AT,1,IXE,-
jwl0872,JUM'AT,2,IXE,bio0026
jwl0873,JUM'AT,3,IXE,bio0026
jwl0874,JUM'AT,4,IXE,bio0009
jwl0875,JUM'AT,5,IXE,bio0009
jwl0876,SABTU,1,IXE,bio0013
jwl0877,SABTU,2,IXE,bio0013
jwl0878,SABTU,3,IXE,bio0013
jwl0879,SABTU,4,IXE,bio0002
jwl0880,SABTU,5,IXE,bio0002
jwl0881,SABTU,6,IXE,bio0015
jwl0882,SABTU,7,IXE,bio0015
jwl0883,SENIN,3,IXF,bio0016
jwl0884,SENIN,4,IXF,bio0016
jwl0885,SENIN,5,IXF,bio0024
jwl0886,SENIN,6,IXF,bio0024
jwl0887,SENIN,7,IXF,bio0019
jwl0888,SENIN,8,IXF,bio0019
jwl0889,SELASA,1,IXF,bio0007
jwl0890,SELASA,2,IXF,bio0007
jwl0891,SELASA,3,IXF,bio0007
jwl0892,SELASA,4,IXF,bio0026
jwl0893,SELASA,5,IXF,bio0026
jwl0894,SELASA,6,IXF,bio0012
jwl0895,SELASA,7,IXF,bio0012
jwl0896,SELASA,8,IXF,bio0012
jwl0897,RABU,1,IXF,bio0021
jwl0898,RABU,2,IXF,bio0021
jwl0899,RABU,3,IXF,bio0016
jwl0900,RABU,4,IXF,bio0016
jwl0901,RABU,5,IXF,bio0016
jwl0902,RABU,6,IXF,bio0013
jwl0903,RABU,7,IXF,bio0013
jwl0904,RABU,8,IXF,bio0013
jwl0905,KAMIS,1,IXF,bio0027
jwl0906,KAMIS,2,IXF,bio0027
jwl0907,KAMIS,3,IXF,bio0027
jwl0908,KAMIS,4,IXF,bio0019
jwl0909,KAMIS,5,IXF,bio0019
jwl0910,KAMIS,6,IXF,bio0024
jwl0911,KAMIS,7,IXF,bio0024
jwl0912,KAMIS,8,IXF,bio0020
jwl0913,JUM'AT,1,IXF,-
jwl0914,JUM'AT,2,IXF,bio0024
jwl0915,JUM'AT,3,IXF,bio0024
jwl0916,JUM'AT,4,IXF,bio0026
jwl0917,JUM'AT,5,IXF,bio0026
jwl0918,SABTU,1,IXF,bio0004
jwl0919,SABTU,2,IXF,bio0004
jwl0920,SABTU,3,IXF,bio0004
jwl0921,SABTU,4,IXF,bio0007
jwl0922,SABTU,5,IXF,bio0007
jwl0923,SABTU,6,IXF,bio0032
jwl0924,SABTU,7,IXF,bio0032
jwl0925,SENIN,3,IXG,bio0024
jwl0926,SENIN,4,IXG,bio0024
jwl0927,SENIN,5,IXG,bio0032
jwl0928,SENIN,6,IXG,bio0032
jwl0929,SENIN,7,IXG,bio0021
jwl0930,SENIN,8,IXG,bio0021
jwl0931,SELASA,1,IXG,bio0004
jwl0932,SELASA,2,IXG,bio0004
jwl0933,SELASA,3,IXG,bio0004
jwl0934,SELASA,4,IXG,bio0016
jwl0935,SELASA,5,IXG,bio0016
jwl0936,SELASA,6,IXG,bio0027
jwl0937,SELASA,7,IXG,bio0027
jwl0938,SELASA,8,IXG,bio0027
jwl0939,RABU,1,IXG,bio0007
jwl0940,RABU,2,IXG,bio0007
jwl0941,RABU,3,IXG,bio0024
jwl0942,RABU,4,IXG,bio0024
jwl0943,RABU,5,IXG,bio0019
jwl0944,RABU,6,IXG,bio0019
jwl0945,RABU,7,IXG,bio0035
jwl0946,RABU,8,IXG,bio0035
jwl0947,KAMIS,1,IXG,bio0016
jwl0948,KAMIS,2,IXG,bio0016
jwl0949,KAMIS,3,IXG,bio0016
jwl0950,KAMIS,4,IXG,bio0024
jwl0951,KAMIS,5,IXG,bio0024
jwl0952,KAMIS,6,IXG,bio0012
jwl0953,KAMIS,7,IXG,bio0012
jwl0954,KAMIS,8,IXG,bio0012
jwl0955,JUM'AT,1,IXG,-
jwl0956,JUM'AT,2,IXG,bio0035
jwl0957,JUM'AT,3,IXG,bio0035
jwl0958,JUM'AT,4,IXG,bio0019
jwl0959,JUM'AT,5,IXG,bio0019
jwl0960,SABTU,1,IXG,bio0007
jwl0961,SABTU,2,IXG,bio0007
jwl0962,SABTU,3,IXG,bio0007
jwl0963,SABTU,4,IXG,bio0013
jwl0964,SABTU,5,IXG,bio0013
jwl0965,SABTU,6,IXG,bio0013
jwl0966,SABTU,7,IXG,bio0020
